name,timestamp
adaugatcititor,2021-04-28 01:54:44.492
adaugatcititor,2021-04-28 01:54:44.508
adaugatcititor,2021-04-28 01:54:44.508
adaugatcititor,2021-04-28 01:54:44.508
adaugatcititor,2021-04-28 01:54:44.508
adaugatcititor,2021-04-28 01:54:44.508
adaugatcititor,2021-04-28 01:54:44.508
adaugatcititor,2021-04-28 01:54:44.508
adaugatcititor,2021-04-28 01:54:44.508
adaugatcititor,2021-04-28 01:54:44.508
adaugatcititor,2021-04-28 01:54:44.508
adaugatcititor,2021-04-28 01:54:44.508
adaugatcititor,2021-04-28 01:54:44.508
adaugatcititor,2021-04-28 01:54:44.508
adaugatcititor,2021-04-28 01:54:44.508
adaugatcititor,2021-04-28 01:54:44.508
Se adauga persoane,2021-04-28 18:07:37.381
Se adauga persoane,2021-04-28 18:11:16.139
Se adauga persoane,2021-04-28 18:21:31.51
Se adauga persoane,2021-04-28 19:19:05.575
Se adauga persoane,2021-04-28 19:20:04.071
Se adauga persoane,2021-04-28 19:26:44.012
Se adauga persoane,2021-04-28 21:20:39.678
Se adauga persoane,2021-04-28 22:54:03.536
Se adauga persoane,2021-04-28 23:03:56.792
Se adauga persoane,2021-04-29 12:51:36.857
Se adauga persoane,2021-04-29 12:52:11.124
Se adauga persoane,2021-04-29 12:53:08.731
Se adauga persoane,2021-04-29 13:11:06.815
Se adauga sectiuni,2021-04-29 13:13:45.073
Se adauga autori,2021-04-29 13:13:45.094
Se adauga carti,2021-04-29 13:13:45.1
Se adauga cititori,2021-04-29 13:13:45.105
Se adauga sectiuni,2021-05-23 23:04:26.339
Se adauga autori,2021-05-23 23:04:26.361
Se adauga carti,2021-05-23 23:04:26.373
Se adauga cititori,2021-05-23 23:04:26.384
Se adauga sectiuni,2021-05-23 23:12:29.545
Se adauga autori,2021-05-23 23:12:29.57
Se adauga carti,2021-05-23 23:12:29.578
Se adauga cititori,2021-05-23 23:12:29.592
Se adauga sectiuni,2021-05-23 23:17:53.935
Se adauga autori,2021-05-23 23:17:53.965
Se adauga carti,2021-05-23 23:17:53.979
Se adauga cititori,2021-05-23 23:17:53.992
Se adauga sectiuni,2021-05-23 23:39:35.053
Se adauga autori,2021-05-23 23:39:35.068
Se adauga carti,2021-05-23 23:39:35.074
Se adauga cititori,2021-05-23 23:39:35.079
Se adauga sectiuni,2021-05-23 23:40:04.044
Se adauga autori,2021-05-23 23:40:04.063
Se adauga carti,2021-05-23 23:40:04.069
Se adauga cititori,2021-05-23 23:40:04.075
Se adauga sectiuni,2021-05-24 20:45:28.652
Se adauga autori,2021-05-24 20:45:28.667
Se adauga carti,2021-05-24 20:45:28.667
Se adauga cititori,2021-05-24 20:45:28.683
Se adauga sectiuni,2021-05-24 20:53:32.973
Se adauga autori,2021-05-24 20:53:32.981
Se adauga carti,2021-05-24 20:53:32.991
Se adauga cititori,2021-05-24 20:53:32.993
Se adauga sectiuni,2021-05-24 20:54:59.628
Se adauga autori,2021-05-24 20:54:59.648
Se adauga carti,2021-05-24 20:54:59.656
Se adauga cititori,2021-05-24 20:54:59.666
Se adauga sectiuni,2021-05-24 20:58:39.693
Se adauga autori,2021-05-24 20:58:39.713
Se adauga carti,2021-05-24 20:58:39.721
Se adauga cititori,2021-05-24 20:58:42.088
Se adauga sectiuni,2021-05-24 21:13:05.475
Se adauga autori,2021-05-24 21:13:06.01
Se adauga carti,2021-05-24 21:13:06.907
Se adauga cititori,2021-05-24 21:13:08.02
Se adauga sectiuni,2021-05-24 21:14:30.944
Se adauga autori,2021-05-24 21:14:31.574
Se adauga carti,2021-05-24 21:14:32.55
Se adauga cititori,2021-05-24 21:14:33.358
Se adauga sectiuni,2021-05-24 21:15:25.552
Se adauga autori,2021-05-24 21:15:26.153
Se adauga carti,2021-05-24 21:15:27.292
Se adauga cititori,2021-05-24 21:15:28.019
Se adauga sectiuni,2021-05-24 21:17:11.972
Se adauga autori,2021-05-24 21:17:12.584
Se adauga carti,2021-05-24 21:17:13.47
Se adauga cititori,2021-05-24 21:17:14.215
Se adauga sectiuni,2021-05-24 21:41:27.557
Se adauga autori,2021-05-24 21:41:28.056
Se adauga carti,2021-05-24 21:41:29.563
Se adauga cititori,2021-05-24 21:41:30.217
Se adauga sectiuni,2021-05-24 21:42:28.73
Se adauga autori,2021-05-24 21:42:29.195
Se adauga carti,2021-05-24 21:42:30.789
Se adauga cititori,2021-05-24 21:42:31.297
Se adauga sectiuni,2021-05-24 21:44:20.426
Se adauga autori,2021-05-24 21:44:20.921
Se adauga carti,2021-05-24 21:44:21.802
Se adauga cititori,2021-05-24 21:44:22.474
Se adauga sectiuni,2021-05-24 21:47:12.046
Se adauga autori,2021-05-24 21:47:12.547
Se adauga carti,2021-05-24 21:47:13.411
Se adauga cititori,2021-05-24 21:47:13.952
Se adauga sectiuni,2021-05-24 21:52:27.692
Se adauga autori,2021-05-24 21:52:28.298
Se adauga carti,2021-05-24 21:52:29.146
Se adauga cititori,2021-05-24 21:52:29.797
Se adauga sectiuni,2021-05-24 21:55:24.37
Se adauga autori,2021-05-24 21:55:24.906
Se adauga carti,2021-05-24 21:55:25.904
Se adauga cititori,2021-05-24 21:55:26.472
Se adauga sectiuni,2021-05-24 22:02:24.748
Se adauga autori,2021-05-24 22:02:25.285
Se adauga carti,2021-05-24 22:02:26.36
Se adauga cititori,2021-05-24 22:02:26.961
Se adauga sectiuni,2021-05-24 22:03:08.325
Se adauga autori,2021-05-24 22:03:08.799
Se adauga carti,2021-05-24 22:03:09.741
Se adauga cititori,2021-05-24 22:03:10.444
Se adauga sectiuni,2021-05-24 22:04:06.621
Se adauga autori,2021-05-24 22:04:07.107
Se adauga carti,2021-05-24 22:04:08.244
Se adauga cititori,2021-05-24 22:04:09.018
Se adauga sectiuni,2021-05-24 22:05:13.639
Se adauga autori,2021-05-24 22:05:14.266
Se adauga carti,2021-05-24 22:05:15.271
Se adauga cititori,2021-05-24 22:05:16.016
Se adauga sectiuni,2021-05-24 22:06:05.676
Se adauga autori,2021-05-24 22:06:06.259
Se adauga carti,2021-05-24 22:06:07.228
Se adauga cititori,2021-05-24 22:06:07.813
Se adauga sectiuni,2021-05-24 22:08:38.54
Se adauga autori,2021-05-24 22:08:39.18
Se adauga carti,2021-05-24 22:08:40.138
Se adauga cititori,2021-05-24 22:08:40.767
Se adauga sectiuni,2021-05-24 22:09:50.764
Se adauga autori,2021-05-24 22:09:51.35
Se adauga carti,2021-05-24 22:09:52.424
Se adauga cititori,2021-05-24 22:09:53.139
Se adauga sectiuni,2021-05-24 22:10:48.961
Se adauga autori,2021-05-24 22:10:49.598
Se adauga carti,2021-05-24 22:10:50.56
Se adauga cititori,2021-05-24 22:10:51.244
Se adauga sectiuni,2021-05-24 22:11:53.382
Se adauga autori,2021-05-24 22:11:53.994
Se adauga carti,2021-05-24 22:11:55.015
Se adauga cititori,2021-05-24 22:11:55.847
Se adauga sectiuni,2021-05-24 22:12:45.431
Se adauga autori,2021-05-24 22:12:46.08
Se adauga carti,2021-05-24 22:12:47.125
Se adauga cititori,2021-05-24 22:12:47.943
Se adauga sectiuni,2021-05-24 22:35:37.52
Se adauga autori,2021-05-24 22:35:38.13
Se adauga carti,2021-05-24 22:35:38.983
Se adauga cititori,2021-05-24 22:35:39.531
Se adauga sectiuni,2021-05-24 22:36:03.273
Se adauga autori,2021-05-24 22:36:03.795
Se adauga carti,2021-05-24 22:36:04.713
Se adauga cititori,2021-05-24 22:36:05.317
Se adauga sectiuni,2021-05-24 22:38:08.387
Se adauga autori,2021-05-24 22:38:08.988
Se adauga carti,2021-05-24 22:38:09.961
Se adauga cititori,2021-05-24 22:38:10.567
Se adauga sectiuni,2021-05-24 22:38:30.588
Se adauga autori,2021-05-24 22:38:31.074
Se adauga carti,2021-05-24 22:38:31.987
Se adauga cititori,2021-05-24 22:38:32.605
Se adauga sectiuni,2021-05-24 22:40:13.03
Se adauga autori,2021-05-24 22:40:13.606
Se adauga carti,2021-05-24 22:40:14.615
Se adauga cititori,2021-05-24 22:40:15.315
Se adauga sectiuni,2021-05-24 22:42:35.549
Se adauga autori,2021-05-24 22:42:36.151
Se adauga carti,2021-05-24 22:42:37.128
Se adauga cititori,2021-05-24 22:42:37.859
Se adauga sectiuni,2021-05-24 22:44:26.918
Se adauga autori,2021-05-24 22:44:27.593
Se adauga carti,2021-05-24 22:44:28.727
Se adauga cititori,2021-05-24 22:44:29.429
Se adauga sectiuni,2021-05-24 22:45:58.823
Se adauga autori,2021-05-24 22:45:59.451
Se adauga carti,2021-05-24 22:46:00.138
Se adauga cititori,2021-05-24 22:46:00.857
Se adauga sectiuni,2021-05-24 22:47:08.783
Se adauga autori,2021-05-24 22:47:09.35
Se adauga carti,2021-05-24 22:47:10.18
Se adauga cititori,2021-05-24 22:47:10.847
